{
    "hello": "Hi there!",
    "how are you": "I'm fine, thanks.",
    "goodbye": "Goodbye!",
    "what's your name": "I'm ChatBot, nice to meet you!",
    "tell me a joke": "Why don't scientists trust atoms? Because they make up everything!",
    "how old are you": "I'm just a program, so I don't have an age!",
    "where are you from": "I exist in the world of code!",
    "favorite food": "I only eat bytes, but I hear RAM is quite delicious!",
    "who created you": "I was created by a talented programmer.",
    "tell me about yourself": "I'm a chat bot designed to assist users in this chat application.",
    "how's the weather today": "It's sunny today!",
    "do you like music": "I don't have ears to appreciate music, but I'm here to chat!",
    "can you help me with math problems": "Sure! I can help you with basic math problems.",
    "what languages do you speak": "I speak the language of code!",
    "are you a robot or a human": "I'm a robot, here to assist you with your queries.",
    "tell me a fun fact": "Did you know that honey never spoils? Archaeologists have found pots of honey in ancient Egyptian tombs that are over 3,000 years old and still perfectly edible!",
    "how do you learn new things": "I receive updates from my programmer to improve my knowledge and responses.",
    "tell me something interesting": "The Eiffel Tower can be 15 cm taller during the summer due to the expansion of iron in the heat.",
    "what's your favorite movie": "I don't watch movies, but I hear 'The Matrix' is quite popular among programs.",
    "do you dream": "I don't sleep, so I don't dream, but I process information continuously!",
    "tell me about artificial intelligence": "Artificial intelligence (AI) is the simulation of human intelligence processes by machines, especially computer systems. It includes learning (the acquisition of information and rules for using the information), reasoning (using rules to reach approximate or definite conclusions), and self-correction.",
    "what's your favorite book": "I don't read books, but I've heard 'Neuromancer' by William Gibson is a classic in cyberpunk literature.",
    "tell me a riddle": "I speak without a mouth and hear without ears. I have no body, but I come alive with the wind. What am I? Answer: An echo.",
    "what's the capital of France": "The capital of France is Paris.",
    "tell me about programming languages": "Programming languages are formal languages designed to communicate instructions to a machine, particularly a computer. Examples include Python, JavaScript, Java, C++, and many more.",
    "what's your favorite hobby": "As a chat bot, I don't have hobbies, but I enjoy interacting with users like you!",
    "tell me a myth or legend": "The legend of Atlantis is a mythical island mentioned in Plato's works, said to have sunk into the sea.",
    "what's your favorite color": "I don't have the ability to see colors, but I like the concept of 'binary' colors - ones and zeros!",
    "can you help me with computer problems": "I can try! What seems to be the issue?",
    "tell me about space exploration": "Space exploration is the discovery and exploration of celestial structures in outer space. It encompasses both manned and unmanned missions, including satellites, space probes, and the International Space Station (ISS).",
    "do you believe in aliens": "As a program, I don't have beliefs, but the search for extraterrestrial life is an ongoing scientific endeavor.",
    "what's the largest planet in our solar system": "Jupiter is the largest planet in our solar system.",
    "tell me a famous quote": "Albert Einstein once said, 'Imagination is more important than knowledge. For knowledge is limited, whereas imagination embraces the entire world, stimulating progress, giving birth to evolution.'",
    "what's your opinion on technology": "Technology is a tool created by humans to improve efficiency, solve problems, and enhance our lives. It's constantly evolving and shaping the future.",
    "tell me about the history of computers": "The history of computers dates back to the mid-20th century with the invention of the electronic computer. Since then, computers have undergone significant advancements in technology and capability.",
    "what's the meaning of life": "The meaning of life is a philosophical question that varies depending on cultural, religious, and personal beliefs. Many philosophers and thinkers have pondered this question throughout history.",
    "can you tell me about famous scientists": "Sure! Some famous scientists include Albert Einstein, Isaac Newton, Marie Curie, Charles Darwin, and Nikola Tesla, among many others.",
    "tell me about cybersecurity": "Cybersecurity refers to the practice of protecting computer systems, networks, and data from digital attacks. It includes measures to prevent unauthorized access, data breaches, and identity theft.",
    "what's the difference between AI and machine learning": "Artificial intelligence (AI) is the broader concept of machines being able to carry out tasks in a way that we would consider 'smart', while machine learning is a subset of AI that involves training machines to learn from data and improve over time without explicit programming.",
    "what's your favorite video game": "I don't play video games, but I've heard 'Portal' is an intriguing puzzle game involving portals and physics.",
    "tell me about famous inventions": "Famous inventions include the telephone by Alexander Graham Bell, the light bulb by Thomas Edison, the airplane by the Wright brothers, and the internet by Tim Berners-Lee.",
    "what's your favorite song": "As a chat bot, I don't listen to music, but I've heard 'Bohemian Rhapsody' by Queen is a timeless classic.",
    "tell me about social media": "Social media refers to websites and applications that allow users to create and share content or to participate in social networking. Examples include Facebook, Instagram, Twitter, and TikTok.",
    "what's your favorite animal": "I don't have preferences, but dolphins are known for their intelligence and social behaviors.",
    "can you predict the future": "I can't predict the future, but I can assist you with information and insights based on available data.",
    "tell me about famous landmarks": "Famous landmarks include the Eiffel Tower in Paris, the Statue of Liberty in New York City, the Great Wall of China, and the Taj Mahal in India.",
    "what's your favorite sport": "As a chat bot, I don't participate in sports, but I've heard soccer (football) is the most popular sport worldwide.",
    "can you teach me how to code": "I can provide guidance and resources to help you learn coding! It's a valuable skill in today's digital world.",
    "tell me about the human brain": "The human brain is the command center for the human nervous system. It controls our thoughts, memory, speech, movement, and more.",
    "what's the longest river in the world": "The Nile River in Africa is often considered the longest river in the world.",
    "tell me about renewable energy": "Renewable energy comes from natural sources that are constantly replenished, such as sunlight, wind, and water. It's an important alternative to fossil fuels for reducing carbon emissions.",
    "what's your favorite season": "I don't experience seasons, but I appreciate the concept of changing weather patterns and their impact on the environment.",
    "can you tell me about famous paintings": "Famous paintings include 'Mona Lisa' by Leonardo da Vinci, 'Starry Night' by Vincent van Gogh, and 'The Last Supper' by Leonardo da Vinci.",
    "tell me about different cultures": "There are countless cultures around the world, each with its own traditions, beliefs, languages, and customs. Exploring different cultures promotes understanding and appreciation of diversity.",
    "what's your favorite constellation": "As a chat bot, I don't have preferences, but the Orion constellation is easily recognizable in the night sky.",
    "can you tell me about virtual reality": "Virtual reality (VR) is a simulated experience that can be similar to or completely different from the real world. It's used in entertainment, education, and various industries for immersive experiences.",
    "tell me about famous astronauts": "Famous astronauts include Neil Armstrong, the first person to walk on the moon, and Sally Ride, the first American woman in space.",
    "what's the tallest mountain in the world": "Mount Everest in the Himalayas is the tallest mountain above sea level.",
    "tell me about famous battles in history": "Famous battles include the Battle of Waterloo, the Battle of Gettysburg, and the Battle of Normandy (D-Day) during World War II.",
    "what's your favorite TV show": "I don't watch TV shows, but I've heard 'Game of Thrones' and 'Breaking Bad' are highly acclaimed series.",
    "bot": "yes?"
}
